NO.,PLAYER,RUNS,BALLS,4S,6S,S/R,TEAM,OPPOSITION,VENUE,DATE,RESULT
1,DENNIS AMISS,137,147,18,0,93.19,ENGLAND,INDIA,"LORD'S,LONDON",1975-06-07,WON
2,GLENN TURNER,171*,201,16,2,85.07,NEW ZEALAND,EAST AFRICA,"EDGBASTON CRICKET GROUND,BIRMINGHAM",1975-06-07,WON
3,KEITH FLETCHER,131,147,13,0,89.11,ENGLAND,NEW ZEALAND,"TRENT BRIDGE,NOTTINGHAM",1975-06-11,WON
4,ALAN TURNER,101,113,9,1,89.38,AUSTRALIA,SRI LANKA,"THE OVAL,LONDON",1975-06-11,WON
5,GLENN TURNER,114*,177,13,0,64.4,NEW ZEALAND,INDIA,"OLD TRAFFORD CRICKET GROUND,MANCHESTER",1975-06-14,WON
6,CLIVE LLOYD,102,85,12,2,120,WEST INDIES,AUSTRALIA,"LORD'S,LONDON",1975-06-21,WON
7,GORDON GREENIDGE,106*,173,9,1,61.27,WEST INDIES,INDIA,"EDGBASTON CRICKET GROUND,BIRMINGHAM",1979-06-09,WON
8,VIV RICHARDS,138*,157,11,3,87.89,WEST INDIES,ENGLAND,"LORD'S,LONDON",1979-06-23,WON
9,ALLAN LAMB,102,105,12,2,97.14,ENGLAND,NEW ZEALAND,"THE OVAL,LONDON",1983-06-09,WON
10,DAVID GOWER,130,120,12,5,108.33,ENGLAND,SRI LANKA,"COUNTY GROUND,TAUNTON",1983-06-11,WON
11,TREVOR CHAPPELL,110,131,11,0,83.96,AUSTRALIA,INDIA,"TRENT BRIDGE,NOTTINGHAM",1983-06-13,WON
12,GORDON GREENIDGE,105*,147,5,1,71.42,WEST INDIES,ZIMBABWE,"NEW ROAD,WORCESTER",1983-06-13,WON
13,VIV RICHARDS,119,146,6,1,81.5,WEST INDIES,INDIA,"THE OVAL,LONDON",1983-06-15,WON
14,IMRAN KHAN,102*,133,11,0,76.69,PAKISTAN,SRI LANKA,"HEADINGLEY STADIUM,LEEDS",1983-06-16,WON
15,KAPIL DEV,175*,138,16,6,126.81,INDIA,ZIMBABWE,"NEVILL GROUND,ROYAL TUNBRIDGE WELLS",1983-06-18,WON
16,ZAHEER ABBAS,103*,121,6,0,85.12,PAKISTAN,NEW ZEALAND,"TRENT BRIDGE,NOTTINGHAM",1983-06-20,WON
17,JAVED MIANDAD,103,100,6,0,103,PAKISTAN,SRI LANKA,"NIAZ STADIUM,HYDERABAD",1987-10-08,WON
18,GEOFF MARSH,110,141,7,1,78.01,AUSTRALIA,INDIA,"M. A. CHIDAMBARAM STADIUM,MADRAS[F]",1987-10-09,WON
19,DAVID HOUGHTON,142,137,13,6,103.64,ZIMBABWE,NEW ZEALAND,"LAL BAHADUR SHASTRI STADIUM,HYDERABAD",1987-10-10,LOST
20,DESMOND HAYNES,105,124,10,1,84.67,WEST INDIES,SRI LANKA,"NATIONAL STADIUM,KARACHI",1987-10-13,WON
21,VIV RICHARDS,181,125,16,7,144.8,WEST INDIES,SRI LANKA,"NATIONAL STADIUM,KARACHI",1987-10-13,WON
22,RAMEEZ RAJA,113,148,5,0,76.35,PAKISTAN,ENGLAND,"NATIONAL STADIUM,KARACHI",1987-10-20,WON
23,SALEEM MALIK,100,95,10,0,105.26,PAKISTAN,SRI LANKA,"IQBAL STADIUM,FAISALABAD",1987-10-25,WON
24,GEOFF MARSH,126*,149,12,3,84.56,AUSTRALIA,NEW ZEALAND,"SECTOR 16 STADIUM,CHANDIGARH",1987-10-27,WON
25,RICHIE RICHARDSON,110,135,8,2,81.48,WEST INDIES,PAKISTAN,"NATIONAL STADIUM,KARACHI",1987-10-30,WON
26,SUNIL GAVASKAR,103*,88,10,3,117.04,INDIA,NEW ZEALAND,"VIDHARBA CRICKET ASSOCIATION GROUND,NAGPUR",1987-10-31,WON
27,GRAHAM GOOCH,115,136,11,0,84.55,ENGLAND,INDIA,"WANKHEDE STADIUM,BOMBAY",1987-11-05,WON
28,MARTIN CROWE,100*,134,11,0,74.62,NEW ZEALAND,AUSTRALIA,"EDEN PARK,AUCKLAND",1992-02-22,WON
29,DAVID BOON,100,133,11,0,75.18,AUSTRALIA,NEW ZEALAND,"EDEN PARK,AUCKLAND",1992-02-22,LOST
30,ANDY FLOWER,115*,152,8,1,75.65,ZIMBABWE,SRI LANKA,"PUKEKURA PARK,NEW PLYMOUTH",1992-02-23,LOST
31,RAMEEZ RAJA,102*,158,4,0,64.55,PAKISTAN,WEST INDIES,"MELBOURNE CRICKET GROUND,MELBOURNE",1992-02-23,LOST
32,AAMER SOHAIL,114,136,12,0,83.82,PAKISTAN,ZIMBABWE,"BELLERIVE OVAL,HOBART",1992-02-27,WON
33,PHIL SIMMONS,110,125,8,2,88,WEST INDIES,SRI LANKA,"BERRI OVAL,BERRI",1992-03-13,WON
34,RAMEEZ RAJA,119*,155,16,0,76.77,PAKISTAN,NEW ZEALAND,"AMI STADIUM,CHRISTCHURCH",1992-03-18,WON
35,DAVID BOON,100,147,8,0,68.02,AUSTRALIA,WEST INDIES,"MELBOURNE CRICKET GROUND,MELBOURNE",1992-03-18,WON
36,NATHAN ASTLE,101,132,8,2,76.51,NEW ZEALAND,ENGLAND,"SARDAR PATEL STADIUM,AHMEDABAD",1996-02-14,WON
37,GARY KIRSTEN,188*,159,13,4,118.23,SOUTH AFRICA,UNITED ARAB EMIRATES,"RAWALPINDI CRICKET STADIUM,RAWALPINDI",1996-02-16,WON
38,SACHIN TENDULKAR,127*,138,15,1,92.02,INDIA,KENYA,"BARABATI STADIUM,CUTTACK",1996-02-18,WON
39,GRAEME HICK,104*,133,6,2,78.19,ENGLAND,NETHERLANDS,"ARBAB NIAZ STADIUM,PESHAWAR",1996-02-22,WON
40,MARK WAUGH,130,128,14,1,101.56,AUSTRALIA,KENYA,"INDIRA PRIYADARSHINI STADIUM,VISAKHAPATNAM",1996-02-23,WON
41,MARK WAUGH,126,135,8,3,93.33,AUSTRALIA,INDIA,"WANKHEDE STADIUM,MUMBAI",1996-02-27,WON
42,AAMER SOHAIL,111,139,8,0,79.85,PAKISTAN,SOUTH AFRICA,"NATIONAL STADIUM,KARACHI",1996-02-29,LOST
43,SACHIN TENDULKAR,137,137,8,5,100,INDIA,SRI LANKA,"FEROZ SHAH KOTLA GROUND,DELHI",1996-03-02,LOST
44,RICKY PONTING,102,112,5,1,91.07,AUSTRALIA,WEST INDIES,"SAWAI MANSINGH STADIUM,JAIPUR",1996-03-04,LOST
45,ANDREW HUDSON,161,132,13,4,121.96,SOUTH AFRICA,NETHERLANDS,"RAWALPINDI CRICKET STADIUM,RAWALPINDI",1996-03-05,WON
46,ARAVINDA DE SILVA,145,115,14,5,126.08,SRI LANKA,KENYA,"ASGIRIYA STADIUM,KANDY",1996-03-06,WON
47,VINOD KAMBLI,106,110,11,0,96.36,INDIA,ZIMBABWE,"GREEN PARK STADIUM,KANPUR",1996-03-06,WON
48,BRIAN LARA,111,94,16,0,118.08,WEST INDIES,SOUTH AFRICA,"NATIONAL STADIUM,KARACHI",1996-03-11,WON
49,CHRIS HARRIS,130,124,13,4,104.83,NEW ZEALAND,AUSTRALIA,"M. A. CHIDAMBARAM STADIUM,MADRAS[F]",1996-03-11,LOST
50,MARK WAUGH,110,112,6,2,98.21,AUSTRALIA,NEW ZEALAND,"M. A. CHIDAMBARAM STADIUM,MADRAS[F]",1996-03-11,WON
51,ARAVINDA DE SILVA,107*,124,13,0,86.29,SRI LANKA,AUSTRALIA,"GADDAFI STADIUM,LAHORE",1996-03-17,WON
52,RAHUL DRAVID,104*,109,10,0,95.41,INDIA,KENYA,"COUNTY GROUND,BRISTOL",1999-05-23,WON
53,SACHIN TENDULKAR,140*,101,16,3,138.61,INDIA,KENYA,"COUNTY GROUND,BRISTOL",1999-05-23,WON
54,SOURAV GANGULY,183,158,17,7,115.82,INDIA,SRI LANKA,"COUNTY GROUND,TAUNTON",1999-05-26,WON
55,RAHUL DRAVID,145,129,17,1,112.4,INDIA,SRI LANKA,"COUNTY GROUND,TAUNTON",1999-05-26,WON
56,AJAY JADEJA,100*,138,7,2,72.46,INDIA,AUSTRALIA,"THE OVAL,LONDON",1999-06-04,LOST
57,MARK WAUGH,104,120,13,0,86.66,AUSTRALIA,ZIMBABWE,"LORD'S,LONDON",1999-06-09,WON
58,NEIL JOHNSON,132*,144,14,2,91.66,ZIMBABWE,AUSTRALIA,"LORD'S,LONDON",1999-06-09,LOST
59,SAEED ANWAR,103,144,11,0,71.52,PAKISTAN,ZIMBABWE,"THE OVAL,LONDON",1999-06-11,WON
60,HERSCHELLE GIBBS,101,134,10,1,75.37,SOUTH AFRICA,AUSTRALIA,"HEADINGLEY STADIUM,LEEDS",1999-06-13,LOST
61,STEVE WAUGH,120*,110,10,2,109.09,AUSTRALIA,SOUTH AFRICA,"HEADINGLEY STADIUM,LEEDS",1999-06-13,WON
62,SAEED ANWAR,113*,148,9,0,76.35,PAKISTAN,NEW ZEALAND,"OLD TRAFFORD CRICKET GROUND,MANCHESTER",1999-06-16,WON
63,BRIAN LARA,116,134,12,2,86.56,WEST INDIES,SOUTH AFRICA,"NEWLANDS CRICKET GROUND,CAPE TOWN",2003-02-09,WON
64,CRAIG WISHART,172*,151,18,3,113.9,ZIMBABWE,NAMIBIA,"HARARE SPORTS CLUB,HARARE",2003-02-10,WON
65,SANATH JAYASURIYA,120,125,14,0,96,SRI LANKA,NEW ZEALAND,"CHEVROLET PARK,BLOEMFONTEIN",2003-02-10,WON
66,SCOTT STYRIS,141,125,3,6,112.8,NEW ZEALAND,SRI LANKA,"CHEVROLET PARK,BLOEMFONTEIN",2003-02-10,LOST
67,ANDREW SYMONDS,143*,125,18,2,114.4,AUSTRALIA,PAKISTAN,"WANDERERS STADIUM,JOHANNESBURG",2003-02-11,WON
68,HERSCHELLE GIBBS,143,141,19,3,101.41,SOUTH AFRICA,NEW ZEALAND,"WANDERERS STADIUM,JOHANNESBURG",2003-02-16,LOST
69,STEPHEN FLEMING,134*,132,21,0,101.51,NEW ZEALAND,SOUTH AFRICA,"WANDERERS STADIUM,JOHANNESBURG",2003-02-16,WON
70,JOHN DAVISON,111,76,8,6,146.05,CANADA,WEST INDIES,"SUPERSPORT PARK,CENTURION",2003-02-23,LOST
71,SACHIN TENDULKAR,152,151,18,0,100.66,INDIA,NAMIBIA,"CITY OVAL,PIETERMARITZBURG",2003-02-23,WON
72,SOURAV GANGULY,112*,119,6,4,94.11,INDIA,NAMIBIA,"CITY OVAL,PIETERMARITZBURG",2003-02-23,WON
73,SAEED ANWAR,101,126,7,0,80.15,PAKISTAN,INDIA,"SUPERSPORT PARK,CENTURION",2003-03-01,LOST
74,FEIKO KLOPPENBURG,121,142,6,4,85.21,NETHERLANDS,NAMIBIA,"CHEVROLET PARK,BLOEMFONTEIN",2003-03-03,WON
75,KLAAS-JAN VAN NOORTWIJK,134*,129,11,3,103.87,NETHERLANDS,NAMIBIA,"CHEVROLET PARK,BLOEMFONTEIN",2003-03-03,WON
76,MARVAN ATAPATTU,124,129,18,0,96.12,SRI LANKA,SOUTH AFRICA,"KINGSMEAD CRICKET GROUND,DURBAN",2003-03-03,TIED
77,CHRIS GAYLE,119,151,8,2,78.8,WEST INDIES,KENYA,"DE BEERS DIAMOND OVAL,KIMBERLEY",2003-03-04,WON
78,RICKY PONTING,114,109,8,4,104.58,AUSTRALIA,SRI LANKA,"SUPERSPORT PARK,CENTURION",2003-03-07,WON
79,SOURAV GANGULY,107*,120,11,2,89.16,INDIA,KENYA,"NEWLANDS CRICKET GROUND,CAPE TOWN",2003-03-07,WON
80,NATHAN ASTLE,102*,122,11,0,83.6,NEW ZEALAND,ZIMBABWE,"CHEVROLET PARK,BLOEMFONTEIN",2003-03-08,WON
81,MARVAN ATAPATTU,103*,127,7,0,81.1,SRI LANKA,ZIMBABWE,"BUFFALO PARK,EAST LONDON",2003-03-15,WON
82,SOURAV GANGULY,111*,114,5,5,97.36,INDIA,KENYA,"KINGSMEAD CRICKET GROUND,DURBAN",2003-03-20,WON
83,RICKY PONTING,140*,121,4,8,115.7,AUSTRALIA,INDIA,"WANDERERS STADIUM,JOHANNESBURG",2003-03-23,WON
84,RICKY PONTING,113,93,9,5,121.5,AUSTRALIA,SCOTLAND,"WARNER PARK SPORTING COMPLEX,BASSETERRE",2007-03-14,WON
85,JEREMY BRAY,115*,137,10,2,83.94,IRELAND,ZIMBABWE,"SABINA PARK,KINGSTON",2007-03-15,TIED
86,JACQUES KALLIS,128*,109,11,5,117.43,SOUTH AFRICA,NETHERLANDS,"WARNER PARK SPORTING COMPLEX,BASSETERRE",2007-03-16,WON
87,BRAD HODGE,123,89,8,7,138.2,AUSTRALIA,NETHERLANDS,"WARNER PARK SPORTING COMPLEX,BASSETERRE",2007-03-18,WON
88,VIRENDER SEHWAG,114,87,17,3,131.03,INDIA,BERMUDA,"QUEENS PARK OVAL,PORT OF SPAIN",2007-03-19,WON
89,SANATH JAYASURIYA,109,87,7,7,125.28,SRI LANKA,BANGLADESH,"QUEENS PARK OVAL,PORT OF SPAIN",2007-03-21,WON
90,IMRAN NAZIR,160,121,14,8,132.23,PAKISTAN,ZIMBABWE,"SABINA PARK,KINGSTON",2007-03-21,WON
91,LOU VINCENT,101,117,9,1,86.32,NEW ZEALAND,CANADA,"BEAUSEJOUR STADIUM,GROS ISLET",2007-03-22,WON
92,SHIVNARINE CHANDERPAUL,102*,113,10,4,90.26,WEST INDIES,IRELAND,"SABINA PARK,KINGSTON",2007-03-23,WON
93,MATTHEW HAYDEN,101,68,14,4,148.52,AUSTRALIA,SOUTH AFRICA,"WARNER PARK SPORTING COMPLEX,BASSETERRE",2007-03-24,WON
94,MATTHEW HAYDEN,158,143,14,4,110.48,AUSTRALIA,WEST INDIES,"SIR VIVIAN RICHARDS STADIUM,NORTH SOUND",2007-03-27,WON
95,SANATH JAYASURIYA,115,101,10,4,113.86,SRI LANKA,WEST INDIES,"PROVIDENCE STADIUM,PROVIDENCE",2007-04-01,WON
96,STEPHEN FLEMING,102*,92,10,3,110.86,NEW ZEALAND,BANGLADESH,"SIR VIVIAN RICHARDS STADIUM,NORTH SOUND",2007-04-02,WON
97,KEVIN PIETERSEN,104,122,6,1,85.24,ENGLAND,AUSTRALIA,"SIR VIVIAN RICHARDS STADIUM,NORTH SOUND",2007-04-08,LOST
98,AB DE VILLIERS,146,130,12,5,112.3,SOUTH AFRICA,WEST INDIES,"NATIONAL CRICKET STADIUM,ST. GEORGE'S",2007-04-10,WON
99,SCOTT STYRIS,111*,157,8,0,70.7,NEW ZEALAND,SRI LANKA,"NATIONAL CRICKET STADIUM,ST. GEORGE'S",2007-04-12,LOST
100,MATTHEW HAYDEN,103,100,10,2,103,AUSTRALIA,NEW ZEALAND,"NATIONAL CRICKET STADIUM,ST. GEORGE'S",2007-04-20,WON
101,KEVIN PIETERSEN,100,91,10,1,109.89,ENGLAND,WEST INDIES,"KENSINGTON OVAL,BRIDGETOWN",2007-04-21,WON
102,MAHELA JAYAWARDENE,115*,109,10,3,105.5,SRI LANKA,NEW ZEALAND,"SABINA PARK,KINGSTON",2007-04-24,WON
103,ADAM GILCHRIST,149,104,13,8,143.26,AUSTRALIA,SRI LANKA,"KENSINGTON OVAL,BRIDGETOWN",2007-04-28,WON
104,VIRENDER SEHWAG,175,140,14,5,125,INDIA,BANGLADESH,"SHER-E-BANGLA CRICKET STADIUM,DHAKA",2011-02-19,WON
105,VIRAT KOHLI,100*,83,8,2,120.48,INDIA,BANGLADESH,"SHER-E-BANGLA CRICKET STADIUM,DHAKA",2011-02-19,WON
106,MAHELA JAYAWARDENE,100,81,9,1,123.45,SRI LANKA,CANADA,"HAMBANTOTA CRICKET STADIUM,HAMBANTOTA",2011-02-20,WON
107,RYAN TEN DOESCHATE,119,110,9,3,108.18,NETHERLANDS,ENGLAND,"VIDARBHA CRICKET ASSOCIATION STADIUM,NAGPUR",2011-02-22,LOST
108,AB DE VILLIERS,107*,105,8,2,101.9,SOUTH AFRICA,WEST INDIES,"FEROZ SHAH KOTLA GROUND,DELHI",2011-02-24,WON
109,SACHIN TENDULKAR,120,115,10,5,104.34,INDIA,ENGLAND,"CHINNASWAMY STADIUM,BANGALORE",2011-02-27,TIED
110,ANDREW STRAUSS,158,145,18,1,108.96,ENGLAND,INDIA,"CHINNASWAMY STADIUM,BANGALORE",2011-02-27,TIED
111,KEVIN O'BRIEN,113,63,13,6,179.37,IRELAND,ENGLAND,"CHINNASWAMY STADIUM,BANGALORE",2011-03-02,WON
112,HASHIM AMLA,113,130,8,0,86.92,SOUTH AFRICA,NETHERLANDS,"PUNJAB CRICKET ASSOCIATION STADIUM,MOHALI",2011-03-03,WON
113,AB DE VILLIERS,134,98,13,4,136.73,SOUTH AFRICA,NETHERLANDS,"PUNJAB CRICKET ASSOCIATION STADIUM,MOHALI",2011-03-03,WON
114,ROSS TAYLOR,131*,124,8,7,105.64,NEW ZEALAND,PAKISTAN,"PALLEKELE INTERNATIONAL CRICKET STADIUM,KANDY",2011-03-08,WON
115,UPUL THARANGA,133,141,17,0,94.32,SRI LANKA,ZIMBABWE,"PALLEKELE INTERNATIONAL CRICKET STADIUM,KANDY",2011-03-10,WON
116,TILLAKARATNE DILSHAN,144,131,16,1,109.92,SRI LANKA,ZIMBABWE,"PALLEKELE INTERNATIONAL CRICKET STADIUM,KANDY",2011-03-10,WON
117,DEVON SMITH,107,133,11,1,80.45,WEST INDIES,IRELAND,"PUNJAB CRICKET ASSOCIATION STADIUM,MOHALI",2011-03-11,WON
118,SACHIN TENDULKAR,111,101,8,3,109.9,INDIA,SOUTH AFRICA,"VIDARBHA CRICKET ASSOCIATION STADIUM,NAGPUR",2011-03-12,LOST
119,BRENDON MCCULLUM,101,109,12,2,92.66,NEW ZEALAND,CANADA,"WANKHEDE STADIUM,MUMBAI",2011-03-13,WON
120,RYAN TEN DOESCHATE,106,108,13,1,98.14,NETHERLANDS,IRELAND,"EDEN GARDENS,KOLKATA[G]",2011-03-18,LOST
121,PAUL STIRLING,101,72,14,2,140.27,IRELAND,NETHERLANDS,"EDEN GARDENS,CALCUTTA[G]",2011-03-18,WON
122,KUMAR SANGAKKARA,111,128,12,2,86.71,SRI LANKA,NEW ZEALAND,"WANKHEDE STADIUM,MUMBAI",2011-03-18,WON
123,YUVRAJ SINGH,113,123,10,2,91.86,INDIA,WEST INDIES,"M. A. CHIDAMBARAM STADIUM,CHENNAI",2011-03-20,WON
124,RICKY PONTING,104,118,7,1,88.13,AUSTRALIA,INDIA,"SARDAR PATEL STADIUM,AHMEDABAD",2011-03-24,LOST
125,TILLAKARATNE DILSHAN,108*,115,10,2,93.91,SRI LANKA,ENGLAND,"PREMADASA STADIUM,COLOMBO",2011-03-26,WON
126,UPUL THARANGA,102*,122,12,1,83.6,SRI LANKA,ENGLAND,"PREMADASA STADIUM,COLOMBO",2011-03-26,WON
127,MAHELA JAYAWARDENE,103*,88,13,0,117.04,SRI LANKA,INDIA,"WANKHEDE STADIUM,MUMBAI",2011-04-02,LOST
128,AARON FINCH,135,128,12,3,105.46,AUSTRALIA,ENGLAND,"MELBOURNE CRICKET GROUND,MELBOURNE",2015-02-14,WON
129,DAVID MILLER,138*,92,7,9,150,SOUTH AFRICA,ZIMBABWE,"SEDDON PARK,HAMILTON",2015-02-15,WON
130,JP DUMINY,115*,100,9,3,115,SOUTH AFRICA,ZIMBABWE,"SEDDON PARK,HAMILTON",2015-02-15,WON
131,VIRAT KOHLI,107,126,8,0,84.92,INDIA,PAKISTAN,"ADELAIDE OVAL,ADELAIDE",2015-02-15,WON
132,LENDL SIMMONS,102,84,9,5,121.42,WEST INDIES,IRELAND,"SAXTON OVAL,NELSON",2015-02-16,LOST
133,MAHELA JAYAWARDENE,100,120,8,1,83.33,SRI LANKA,AFGHANISTAN,"UNIVERSITY OVAL,DUNEDIN",2015-02-22,WON
134,SHIKHAR DHAWAN,137,146,16,2,93.8,INDIA,SOUTH AFRICA,"MELBOURNE CRICKET GROUND,MELBOURNE",2015-02-22,WON
135,MOEEN ALI,128,107,12,5,119.62,ENGLAND,SCOTLAND,"HAGLEY OVAL,CHRISTCHURCH",2015-02-23,WON
136,CHRIS GAYLE,215,147,10,16,146.26,WEST INDIES,ZIMBABWE,"MANUKA OVAL,CANBERRA",2015-02-24,WON
137,MARLON SAMUELS,133*,156,11,3,85.26,WEST INDIES,ZIMBABWE,"MANUKA OVAL,CANBERRA",2015-02-24,WON
138,SHAIMAN ANWAR,106,83,10,1,127.71,UNITED ARAB EMIRATES,IRELAND,"BRISBANE CRICKET GROUND,BRISBANE",2015-02-25,LOST
139,TILLAKARATNE DILSHAN,161*,146,22,0,110.27,SRI LANKA,BANGLADESH,"MELBOURNE CRICKET GROUND,MELBOURNE",2015-02-26,WON
140,KUMAR SANGAKKARA,105*,76,13,1,138.15,SRI LANKA,BANGLADESH,"MELBOURNE CRICKET GROUND,MELBOURNE",2015-02-26,WON
141,AB DE VILLIERS,162*,66,17,8,245.45,SOUTH AFRICA,WEST INDIES,"SYDNEY CRICKET GROUND,SYDNEY",2015-02-27,WON
142,JOE ROOT,121,108,14,2,112.03,ENGLAND,SRI LANKA,"WELLINGTON REGIONAL STADIUM,WELLINGTON",2015-03-01,LOST
143,LAHIRU THIRIMANNE,139*,143,13,2,97.2,SRI LANKA,ENGLAND,"WELLINGTON REGIONAL STADIUM,WELLINGTON",2015-03-01,WON
144,KUMAR SANGAKKARA,117*,86,11,2,136.04,SRI LANKA,ENGLAND,"WELLINGTON REGIONAL STADIUM,WELLINGTON",2015-03-01,WON
145,HASHIM AMLA,159,128,16,4,124.21,SOUTH AFRICA,IRELAND,"MANUKA OVAL,CANBERRA",2015-03-03,WON
146,FAF DU PLESSIS,109,109,10,1,100,SOUTH AFRICA,IRELAND,"MANUKA OVAL,CANBERRA",2015-03-03,WON
147,DAVID WARNER,178,133,19,5,133.83,AUSTRALIA,AFGHANISTAN,"WACA GROUND,PERTH",2015-03-04,WON
148,KYLE COETZER,156,134,17,4,116.41,SCOTLAND,BANGLADESH,"SAXTON OVAL,NELSON",2015-03-05,LOST
149,ED JOYCE,112,103,9,3,108.73,IRELAND,ZIMBABWE,"BELLERIVE OVAL,HOBART",2015-03-07,WON
150,BRENDAN TAYLOR,121,91,11,4,132.96,ZIMBABWE,IRELAND,"BELLERIVE OVAL,HOBART",2015-03-07,LOST
151,GLENN MAXWELL,102,53,10,4,192.45,AUSTRALIA,SRI LANKA,"SYDNEY CRICKET GROUND,SYDNEY",2015-03-08,WON
152,KUMAR SANGAKKARA,104,107,11,0,97.19,SRI LANKA,AUSTRALIA,"SYDNEY CRICKET GROUND,SYDNEY",2015-03-08,LOST
153,MAHMUDULLAH RIYAD,103,138,7,2,74.63,BANGLADESH,ENGLAND,"ADELAIDE OVAL,ADELAIDE",2015-03-09,WON
154,SHIKHAR DHAWAN,100,85,11,5,117.64,INDIA,IRELAND,"SEDDON PARK,HAMILTON",2015-03-10,WON
155,TILLAKARATNE DILSHAN,104,99,10,1,105.05,SRI LANKA,SCOTLAND,"BELLERIVE OVAL,HOBART",2015-03-11,WON
156,KUMAR SANGAKKARA,124,95,13,4,130.52,SRI LANKA,SCOTLAND,"BELLERIVE OVAL,HOBART",2015-03-11,WON
157,MAHMUDULLAH RIYAD,128*,123,12,3,104.06,BANGLADESH,NEW ZEALAND,"SEDDON PARK,HAMILTON",2015-03-13,LOST
158,MARTIN GUPTILL,105,100,11,2,105,NEW ZEALAND,BANGLADESH,"SEDDON PARK,HAMILTON",2015-03-13,WON
159,BRENDAN TAYLOR,138,110,15,5,125.45,ZIMBABWE,INDIA,"EDEN PARK,AUCKLAND",2015-03-14,LOST
160,SURESH RAINA,110*,104,9,4,105.76,INDIA,ZIMBABWE,"EDEN PARK,AUCKLAND",2015-03-14,WON
161,WILLIAM PORTERFIELD,107,131,11,1,81.67,IRELAND,PAKISTAN,"ADELAIDE OVAL,ADELAIDE",2015-03-15,LOST
162,SARFRAZ AHMED,101*,124,6,0,81.45,PAKISTAN,IRELAND,"ADELAIDE OVAL,ADELAIDE",2015-03-15,WON
163,ROHIT SHARMA,137,126,14,3,108.73,INDIA,BANGLADESH,"MELBOURNE CRICKET GROUND,MELBOURNE",2015-03-19,WON
164,MARTIN GUPTILL,237*,163,24,11,145.39,NEW ZEALAND,WEST INDIES,"WESTPAC STADIUM,WELLINGTON",2015-03-21,WON
165,STEVE SMITH,105,93,11,2,112.9,AUSTRALIA,INDIA,"SYDNEY CRICKET GROUND,SYDNEY",2015-03-26,WON
166,JOE ROOT,107,104,10,1,102.88,ENGLAND,PAKISTAN,"TRENT BRIDGE,NOTTINGHAM",2019-06-03,LOST
167,JOS BUTTLER,103,76,9,2,135.52,ENGLAND,PAKISTAN,"TRENT BRIDGE,NOTTINGHAM",2019-06-03,LOST
168,ROHIT SHARMA,122*,144,13,2,84.72,INDIA,SOUTH AFRICA,"HAMPSHIRE BOWL,SOUTHAMPTON",2019-06-05,WON
169,JASON ROY,153,121,14,4,126.44,ENGLAND,BANGLADESH,"SOPHIA GARDENS,CARDIFF",2019-06-08,WON
170,SHAKIB AL HASAN,121,119,12,1,101.68,BANGLADESH,ENGLAND,"SOPHIA GARDENS,CARDIFF",2019-06-08,LOST
171,SHIKHAR DHAWAN,117,109,16,0,107.33,INDIA,AUSTRALIA,"THE OVAL,LONDON",2019-06-09,WON
172,DAVID WARNER,107,111,11,1,96.39,AUSTRALIA,PAKISTAN,"COUNTY GROUND,TAUNTON",2019-06-12,WON
173,JOE ROOT,100*,94,11,0,106.38,ENGLAND,WEST INDIES,"HAMPSHIRE BOWL,SOUTHAMPTON",2019-06-14,WON
174,AARON FINCH,153,132,15,5,115.9,AUSTRALIA,SRI LANKA,"THE OVAL,LONDON",2019-06-15,WON
175,ROHIT SHARMA,140,113,14,3,123.89,INDIA,PAKISTAN,"OLD TRAFFORD CRICKET GROUND,MANCHESTER",2019-06-16,WON
176,SHAKIB AL HASAN,124*,99,16,0,125.25,BANGLADESH,WEST INDIES,"COUNTY GROUND,TAUNTON",2019-06-17,WON
177,EOIN MORGAN,148,71,4,17,208.45,ENGLAND,AFGHANISTAN,"OLD TRAFFORD CRICKET GROUND,MANCHESTER",2019-06-18,WON
178,KANE WILLIAMSON,106*,138,9,1,76.81,NEW ZEALAND,SOUTH AFRICA,"EDGBASTON CRICKET GROUND,BIRMINGHAM",2019-06-19,WON
179,DAVID WARNER,166,147,14,5,112.92,AUSTRALIA,BANGLADESH,"TRENT BRIDGE,NOTTINGHAM",2019-06-20,WON
180,MUSHFIQUR RAHIM,102*,97,9,1,105.15,BANGLADESH,AUSTRALIA,"TRENT BRIDGE,NOTTINGHAM",2019-06-20,LOST
181,KANE WILLIAMSON,148,154,14,1,96.1,NEW ZEALAND,WEST INDIES,"OLD TRAFFORD CRICKET GROUND,MANCHESTER",2019-06-22,WON
182,CARLOS BRATHWAITE,101,82,9,5,123.17,WEST INDIES,NEW ZEALAND,"OLD TRAFFORD CRICKET GROUND,MANCHESTER",2019-06-22,LOST
183,AARON FINCH,100,116,11,2,86.2,AUSTRALIA,ENGLAND,"LORD'S,LONDON",2019-06-25,WON
184,BABAR AZAM,101*,127,11,0,79.52,PAKISTAN,NEW ZEALAND,"EDGBASTON CRICKET GROUND,BIRMINGHAM",2019-06-26,WON
185,JONNY BAIRSTOW,111,109,10,6,101.83,ENGLAND,INDIA,"EDGBASTON CRICKET GROUND,BIRMINGHAM",2019-06-30,WON
186,ROHIT SHARMA,102,108,15,0,93.57,INDIA,ENGLAND,"EDGBASTON CRICKET GROUND,BIRMINGHAM",2019-06-30,LOST
187,AVISHKA FERNANDO,104,103,9,2,100.97,SRI LANKA,WEST INDIES,"RIVERSIDE GROUND,CHESTER-LE-STREET",2019-07-01,WON
188,NICHOLAS POORAN,118,103,11,4,114.56,WEST INDIES,SRI LANKA,"RIVERSIDE GROUND,CHESTER-LE-STREET",2019-07-01,LOST
189,ROHIT SHARMA,104,92,7,5,113.04,INDIA,BANGLADESH,"EDGBASTON CRICKET GROUND,BIRMINGHAM",2019-07-02,WON
190,JONNY BAIRSTOW,106,99,15,1,107.07,ENGLAND,NEW ZEALAND,"RIVERSIDE GROUND,CHESTER-LE-STREET",2019-07-03,WON
191,IMAM-UL-HAQ,100,100,7,0,100,PAKISTAN,BANGLADESH,"LORD'S,LONDON",2019-07-05,WON
192,ANGELO MATHEWS,113,128,10,2,88.28,SRI LANKA,INDIA,"HEADINGLEY STADIUM,LEEDS",2019-07-06,LOST
193,ROHIT SHARMA,103,94,14,2,109.57,INDIA,SRI LANKA,"HEADINGLEY STADIUM,LEEDS",2019-07-06,WON
194,KL RAHUL,111,118,11,1,94.06,INDIA,SRI LANKA,"HEADINGLEY STADIUM,LEEDS",2019-07-06,WON
195,FAF DU PLESSIS,100,94,7,2,106.38,SOUTH AFRICA,AUSTRALIA,"OLD TRAFFORD CRICKET GROUND,MANCHESTER",2019-07-06,WON
196,DAVID WARNER,122,117,15,2,104.27,AUSTRALIA,SOUTH AFRICA,"OLD TRAFFORD CRICKET GROUND,MANCHESTER",2019-07-06,LOST
197,DEVON CONWAY,152*,121,19,3,125.61,NEW ZEALAND,ENGLAND,"NARENDRA MODI STADIUM,AHMEDABAD",2023-10-05,WON
198,RACHIN RAVINDRA,123*,96,11,5,128.12,NEW ZEALAND,ENGLAND,"NARENDRA MODI STADIUM,AHMEDABAD",2023-10-05,WON
199,QUINTON DE KOCK,100,84,12,3,119.04,SOUTH AFRICA,SRI LANKA,"ARUN JAITLEY CRICKET STADIUM,DELHI",2023-10-07,WON
200,RASSIE VAN DER DUSSEN,108,110,13,2,98.18,SOUTH AFRICA,SRI LANKA,"ARUN JAITLEY CRICKET STADIUM,DELHI",2023-10-07,WON
201,AIDEN MARKRAM,106,54,14,3,196.3,SOUTH AFRICA,SRI LANKA,"ARUN JAITLEY CRICKET STADIUM,DELHI",2023-10-07,WON
202,DAWID MALAN,140,107,16,5,130.84,ENGLAND,BANGLADESH,"HPCA STADIUM,DHARAMSHALA",2023-10-10,WON
203,KUSAL MENDIS,122,77,14,6,158.44,SRI LANKA,PAKISTAN,"RAJIV GANDHI INTERNATIONAL STADIUM,HYDERABAD",2023-10-10,LOST
204,SADEERA SAMARAWICKRAMA,108,89,11,2,121.34,SRI LANKA,PAKISTAN,"RAJIV GANDHI INTERNATIONAL STADIUM,HYDERABAD",2023-10-10,LOST
205,ABDULLAH SHAFIQUE,113,103,14,6,109.7,PAKISTAN,SRI LANKA,"RAJIV GANDHI INTERNATIONAL STADIUM,HYDERABAD",2023-10-10,WON
206,MOHAMMAD RIZWAN,131*,121,11,2,108.26,PAKISTAN,SRI LANKA,"RAJIV GANDHI INTERNATIONAL STADIUM,HYDERABAD",2023-10-10,WON
207,ROHIT SHARMA,131,84,16,5,155.95,INDIA,AFGHANISTAN,"ARUN JAITLEY CRICKET STADIUM,DELHI",2023-10-11,WON
208,QUINTON DE KOCK,109,106,8,5,102.83,SOUTH AFRICA,AUSTRALIA,"BHARAT RATNA SHRI ATAL BIHARI VAJPAYEE EKANA CRICKET STADIUM,LUCKNOW",2023-10-12,WON
209,VIRAT KOHLI,103*,97,6,4,106.18,INDIA,BANGLADESH,"MAHARASHTRA CRICKET ASSOCIATION STADIUM,PUNE",2023-10-19,WON
210,DAVID WARNER,163,124,14,9,131.45,AUSTRALIA,PAKISTAN,"M. CHINNASWAMY STADIUM,BANGALORE",2023-10-20,WON
211,MITCHELL MARSH,121,108,10,9,112.03,AUSTRALIA,PAKISTAN,"M. CHINNASWAMY STADIUM,BANGALORE",2023-10-20,WON
212,HEINRICH KLAASEN,109,67,12,4,162.69,SOUTH AFRICA,ENGLAND,"WANKHEDE STADIUM,MUMBAI",2023-10-21,WON
213,DARYL MITCHELL,130,127,9,5,102.36,NEW ZEALAND,INDIA,"HPCA STADIUM,DHARAMSHALA",2023-10-22,LOST
214,QUINTON DE KOCK,174,140,15,7,124.28,SOUTH AFRICA,BANGLADESH,"WANKHEDE STADIUM,MUMBAI",2023-10-24,WON
215,MOHAMMAD MAHMUDULLAH,111,111,11,4,100,BANGLADESH,SOUTH AFRICA,"WANKHEDE STADIUM,MUMBAI",2023-10-24,LOST
216,DAVID WARNER,104,93,11,3,111.82,AUSTRALIA,NETHERLANDS,"ARUN JAITLEY STADIUM,DELHI",2023-10-25,WON
217,GLENN MAXWELL,106,44,9,8,240.9,AUSTRALIA,NETHERLANDS,"ARUN JAITLEY STADIUM,DELHI",2023-10-25,WON
218,TRAVIS HEAD,109,67,10,7,162.68,AUSTRALIA,NEW ZEALAND,"HPCA STADIUM,DHARAMSHALA",2023-10-28,Won
219,RACHIN RAVINDRA,116,89,9,5,130.34,NEW ZEALAND,AUSTRALIA,"HPCA STADIUM,DHARAMSHALA",2023-10-28,Lost
220,QUINTON DE KOCK,114,116,10,3,98.28,SOUTH AFRICA,NEW ZEALAND,"MAHARASHTRA CRICKET ASSOCIATION STADIUM,PUNE",2023-11-01,WON
221,RASSIE VAN DER DUSSEN,133,118,9,5,112.71,SOUTH AFRICA,NEW ZEALAND,"MAHARASHTRA CRICKET ASSOCIATION STADIUM,PUNE",2023-11-01,WON
222,RACHIN RAVINDRA,108,94,15,1,114.89,NEW ZEALAND,PAKISTAN,"M. CHINNASWAMY STADIUM,BANGALORE",2023-11-04,LOST
223,FAKHAR ZAMAN,126*,81,8,11,155.56,PAKISTAN,NEW ZEALAND,"M. CHINNASWAMY STADIUM,BANGALORE",2023-11-04,WON
224,VIRAT KOHLI,101*,121,10,0,83.47,INDIA,SOUTH AFRICA,"EDEN GARDENS,KOLKATA",2023-11-05,WON
225,CHARITH ASALANKA,108,105,6,5,102.86,SRI LANKA,BANGLADESH,"ARUN JAITLEY STADIUM,DELHI",2023-11-06,LOST
226,IBRAHIM ZADRAN,129*,143,8,3,90.2,AFGHANISTAN,AUSTRALIA,"WANKHEDE STADIUM,MUMBAI",2023-11-07,LOST
227,GLENN MAXWELL,201*,128,21,10,157.03,AUSTRALIA,AFGHANISTAN,"WANKHEDE STADIUM,MUMBAI",2023-11-07,WON
228,BEN STOKES,108,84,6,6,128.57,ENGLAND,NETHERLANDS,"MAHARASHTRA CRICKET ASSOCIATION STADIUM,PUNE",2023-11-08,WON
229,MITCHELL MARSH,177,132,17,9,134.09,AUSTRALIA,BANGLADESH,"MAHARASHTRA CRICKET ASSOCIATION STADIUM,PUNE",2023-11-11,WON
230,SHREYAS IYER,128*,94,10,5,136.17,INDIA,NETHERLANDS,"M. CHINNASWAMY STADIUM,BANGALORE",2023-11-12,WON
231,KL RAHUL,102,64,11,4,159.37,INDIA,NETHERLANDS,"M. CHINNASWAMY STADIUM,BANGALORE",2023-11-12,WON
232,VIRAT KOHLI,117,113,9,2,103.53,INDIA,NEW ZEALAND,"WANKHEDE STADIUM,MUMBAI",2023-11-15,WON
233,SHREYAS IYER,105,70,4,8,150,INDIA,NEW ZEALAND,"WANKHEDE STADIUM,MUMBAI",2023-11-15,WON
234,DARYL MITCHELL,134,119,9,7,112.6,NEW ZEALAND,INDIA,"WANKHEDE STADIUM,MUMBAI",2023-11-15,LOST
235,DAVID MILLER,101,116,8,5,87.06,SOUTH AFRICA,AUSTRALIA,"EDEN GARDENS,KOLKATA",2023-11-16,LOST
236,TRAVIS HEAD,137,120,15,4,114.16,AUSTRALIA,INDIA,"NARENDRA MODI STADIUM,AHMEDABAD",2023-11-19,WON 
